latitude,longitude,elevation,utc_offset_seconds,timezone,timezone_abbreviation
17.961334,79.591835,262.0,19800,Asia/Kolkata,GMT+5:30

time,temperature_2m (°C),relative_humidity_2m (%),rain (mm),wind_speed_10m (km/h)
2026-09-01T00:00,26.6,72,0.00,9.5
2026-09-01T01:00,26.3,73,0.00,10.5
2026-09-01T02:00,26.1,74,0.00,9.3
2026-09-01T03:00,25.7,76,0.10,9.6
2026-09-01T04:00,25.2,80,0.10,8.7
2026-09-01T05:00,25.0,82,0.00,9.9
2026-09-01T06:00,25.1,81,0.00,12.0
2026-09-01T07:00,26.1,80,0.10,10.0
2026-09-01T08:00,27.6,73,0.00,13.0
2026-09-01T09:00,28.6,66,0.00,17.6
2026-09-01T10:00,29.5,60,0.00,17.8
2026-09-01T11:00,30.3,56,0.00,16.8
2026-09-01T12:00,31.0,52,0.00,16.5
2026-09-01T13:00,31.4,52,0.00,16.0
2026-09-01T14:00,31.3,52,0.00,16.2
2026-09-01T15:00,31.1,54,0.00,15.4
2026-09-01T16:00,30.6,56,0.00,13.3
2026-09-01T17:00,29.9,62,0.00,9.8
2026-09-01T18:00,28.6,68,0.00,7.5
2026-09-01T19:00,28.0,71,0.00,7.9
2026-09-01T20:00,27.4,73,0.00,7.3
2026-09-01T21:00,27.1,75,0.00,6.2
2026-09-01T22:00,26.9,75,0.00,7.7
2026-09-01T23:00,26.7,75,0.00,7.6
2026-09-02T00:00,26.9,74,0.00,8.3
2026-09-02T01:00,27.1,72,0.00,10.7
2026-09-02T02:00,25.5,79,0.40,19.0
2026-09-02T03:00,23.9,93,1.00,11.2
2026-09-02T04:00,24.2,92,0.20,12.5
2026-09-02T05:00,24.2,93,0.30,8.2
2026-09-02T06:00,24.6,91,0.00,11.7
2026-09-02T07:00,25.7,87,0.00,9.8
2026-09-02T08:00,27.5,77,0.00,11.3
2026-09-02T09:00,29.1,69,0.00,15.9
2026-09-02T10:00,30.2,65,0.00,17.3
2026-09-02T11:00,31.0,61,0.00,17.5
2026-09-02T12:00,31.7,58,0.00,17.5
2026-09-02T13:00,31.8,54,0.00,18.6
2026-09-02T14:00,31.7,52,0.00,18.6
2026-09-02T15:00,31.1,55,0.00,17.5
2026-09-02T16:00,30.4,58,0.00,16.6
2026-09-02T17:00,29.4,63,0.00,12.4
2026-09-02T18:00,28.2,69,0.00,11.1
2026-09-02T19:00,27.4,73,0.00,8.7
2026-09-02T20:00,26.9,76,0.00,6.7
2026-09-02T21:00,26.8,77,0.00,6.9
2026-09-02T22:00,26.3,79,0.00,7.5
2026-09-02T23:00,26.0,82,0.00,7.4
2026-09-03T00:00,25.8,82,0.00,8.1
2026-09-03T01:00,25.8,80,0.00,9.6
2026-09-03T02:00,25.4,80,0.00,8.5
2026-09-03T03:00,25.3,81,0.00,9.4
2026-09-03T04:00,25.2,81,0.00,9.8
2026-09-03T05:00,25.2,81,0.00,9.5
2026-09-03T06:00,25.5,80,0.00,10.8
2026-09-03T07:00,26.6,76,0.00,10.0
2026-09-03T08:00,27.9,72,0.00,11.1
2026-09-03T09:00,29.2,68,0.00,13.9
2026-09-03T10:00,29.7,66,0.00,15.3
2026-09-03T11:00,30.6,63,0.20,15.5
2026-09-03T12:00,31.6,58,0.00,15.7
2026-09-03T13:00,31.7,57,0.00,16.7
2026-09-03T14:00,31.6,57,0.00,17.1
2026-09-03T15:00,30.2,60,0.00,16.5
2026-09-03T16:00,29.6,64,0.50,12.0
2026-09-03T17:00,29.4,65,0.00,12.0
2026-09-03T18:00,28.4,70,0.00,8.0
2026-09-03T19:00,27.7,75,0.00,5.1
2026-09-03T20:00,27.1,79,0.00,4.1
2026-09-03T21:00,26.7,80,0.00,4.9
2026-09-03T22:00,26.4,79,0.00,6.9
2026-09-03T23:00,26.1,79,0.00,7.0
2026-09-04T00:00,25.7,79,0.00,8.1
2026-09-04T01:00,25.5,79,0.00,8.4
2026-09-04T02:00,25.3,80,0.00,8.5
2026-09-04T03:00,25.1,80,0.00,9.0
2026-09-04T04:00,25.1,81,0.00,9.8
2026-09-04T05:00,25.1,80,0.00,9.9
2026-09-04T06:00,25.3,79,0.00,10.3
2026-09-04T07:00,26.9,74,0.00,9.8
2026-09-04T08:00,28.3,69,0.00,13.4
2026-09-04T09:00,29.6,63,0.00,15.5
2026-09-04T10:00,30.7,58,0.00,16.1
2026-09-04T11:00,31.5,54,0.10,16.3
2026-09-04T12:00,32.1,51,0.10,16.4
2026-09-04T13:00,32.5,49,0.10,15.5
2026-09-04T14:00,32.7,49,0.10,15.5
2026-09-04T15:00,32.4,50,0.00,15.3
2026-09-04T16:00,31.9,53,0.00,13.6
2026-09-04T17:00,31.0,58,0.00,10.5
2026-09-04T18:00,30.2,62,0.00,8.2
2026-09-04T19:00,29.3,67,0.00,5.8
2026-09-04T20:00,28.4,72,0.00,4.2
2026-09-04T21:00,27.7,76,0.00,4.1
2026-09-04T22:00,27.1,79,0.00,5.2
2026-09-04T23:00,26.6,81,0.00,6.2
2026-09-05T00:00,26.3,80,0.00,6.8
2026-09-05T01:00,26.2,78,0.00,7.3
2026-09-05T02:00,26.1,77,0.00,8.0
2026-09-05T03:00,26.0,76,0.00,9.3
2026-09-05T04:00,25.9,76,0.00,11.2
2026-09-05T05:00,26.1,75,0.00,12.8
2026-09-05T06:00,26.7,74,0.00,13.7
2026-09-05T07:00,27.5,72,0.00,14.2
2026-09-05T08:00,28.4,68,0.00,14.7
2026-09-05T09:00,29.5,63,0.00,15.1
2026-09-05T10:00,30.8,57,0.00,15.5
2026-09-05T11:00,31.8,53,0.00,15.7
2026-09-05T12:00,32.4,51,0.10,15.7
2026-09-05T13:00,32.8,49,0.10,15.7
2026-09-05T14:00,32.8,49,0.10,15.6
2026-09-05T15:00,32.5,49,0.00,15.0
2026-09-05T16:00,32.0,51,0.00,14.0
2026-09-05T17:00,31.3,54,0.00,12.4
2026-09-05T18:00,30.4,58,0.00,10.0
2026-09-05T19:00,29.4,65,0.00,7.3
2026-09-05T20:00,28.5,70,0.00,6.0
2026-09-05T21:00,27.8,73,0.00,6.2
2026-09-05T22:00,27.3,74,0.00,6.9
2026-09-05T23:00,26.9,76,0.00,7.7
2026-09-06T00:00,26.5,77,0.00,8.5
2026-09-06T01:00,26.2,78,0.00,9.6
2026-09-06T02:00,25.8,80,0.00,10.5
2026-09-06T03:00,25.0,83,0.50,11.4
2026-09-06T04:00,24.2,88,0.50,12.1
2026-09-06T05:00,24.0,90,0.50,12.5
2026-09-06T06:00,25.0,86,0.00,12.3
2026-09-06T07:00,26.6,79,0.00,12.2
2026-09-06T08:00,28.1,73,0.00,13.0
2026-09-06T09:00,29.4,66,0.10,14.6
2026-09-06T10:00,30.6,60,0.10,16.5
2026-09-06T11:00,31.5,55,0.10,17.6
2026-09-06T12:00,32.2,53,0.20,17.5
2026-09-06T13:00,32.5,52,0.20,16.6
2026-09-06T14:00,32.6,52,0.20,15.4
2026-09-06T15:00,32.4,53,0.00,14.3
2026-09-06T16:00,31.9,55,0.00,13.0
2026-09-06T17:00,31.3,57,0.00,11.7
2026-09-06T18:00,30.4,61,0.00,10.0
2026-09-06T19:00,29.4,66,0.00,8.1
2026-09-06T20:00,28.5,70,0.00,6.9
2026-09-06T21:00,27.7,74,0.00,6.2
2026-09-06T22:00,27.1,76,0.00,6.0
2026-09-06T23:00,26.7,78,0.00,5.9
2026-09-07T00:00,27.1,75,0.00,6.3
2026-09-07T01:00,26.7,76,0.00,7.1
2026-09-07T02:00,26.5,77,0.00,8.5
2026-09-07T03:00,26.4,77,0.00,10.2
2026-09-07T04:00,26.4,76,0.00,11.7
2026-09-07T05:00,26.7,74,0.00,13.0
2026-09-07T06:00,27.3,71,0.00,14.1
2026-09-07T07:00,28.2,67,0.00,15.1
2026-09-07T08:00,29.4,63,0.00,16.0
2026-09-07T09:00,30.5,59,0.00,16.9
2026-09-07T10:00,31.5,55,0.00,17.5
2026-09-07T11:00,32.1,53,0.00,18.0
2026-09-07T12:00,32.3,52,0.00,18.0
2026-09-07T13:00,32.4,51,0.00,17.7
2026-09-07T14:00,32.3,50,0.00,17.3
2026-09-07T15:00,32.1,50,0.00,16.6
2026-09-07T16:00,31.7,51,0.00,15.8
2026-09-07T17:00,31.3,52,0.00,15.1
2026-09-07T18:00,30.8,53,0.00,14.1
2026-09-07T19:00,30.1,56,0.00,12.9
2026-09-07T20:00,29.3,60,0.00,11.5
2026-09-07T21:00,28.4,64,0.00,10.5
2026-09-07T22:00,27.7,67,0.00,9.9
2026-09-07T23:00,27.2,70,0.00,9.7
2026-09-08T00:00,26.8,72,0.00,9.9
2026-09-08T01:00,26.4,73,0.00,10.4
2026-09-08T02:00,26.2,74,0.00,11.2
2026-09-08T03:00,26.0,74,0.00,12.1
2026-09-08T04:00,26.1,74,0.00,13.0
2026-09-08T05:00,26.4,72,0.00,13.8
2026-09-08T06:00,27.0,69,0.00,14.5
2026-09-08T07:00,28.0,65,0.00,15.2
2026-09-08T08:00,29.2,60,0.00,16.2
2026-09-08T09:00,30.4,56,0.00,16.9
2026-09-08T10:00,31.4,52,0.00,17.4
2026-09-08T11:00,32.1,50,0.00,17.6
2026-09-08T12:00,32.3,49,0.00,17.4
2026-09-08T13:00,32.4,49,0.00,16.6
2026-09-08T14:00,32.2,49,0.00,15.6
2026-09-08T15:00,31.9,50,0.00,14.4
2026-09-08T16:00,31.6,51,0.00,13.4
2026-09-08T17:00,31.2,53,0.00,12.5
2026-09-08T18:00,30.7,55,0.00,11.6
2026-09-08T19:00,30.1,57,0.00,10.8
2026-09-08T20:00,29.4,61,0.00,10.0
2026-09-08T21:00,28.7,64,0.00,9.2
2026-09-08T22:00,28.0,67,0.00,8.8
2026-09-08T23:00,27.5,70,0.00,8.5
2026-09-09T00:00,27.0,72,0.00,8.3
2026-09-09T01:00,26.5,73,0.00,8.1
2026-09-09T02:00,26.1,74,0.00,8.3
2026-09-09T03:00,25.8,74,0.00,8.6
2026-09-09T04:00,25.7,73,0.00,9.2
2026-09-09T05:00,25.9,72,0.00,9.8
2026-09-09T06:00,26.5,69,0.00,10.5
2026-09-09T07:00,27.5,66,0.00,11.7
2026-09-09T08:00,28.6,62,0.00,13.1
2026-09-09T09:00,29.8,59,0.00,14.1
2026-09-09T10:00,30.9,56,0.00,15.1
2026-09-09T11:00,31.5,54,0.00,15.7
2026-09-09T12:00,31.8,52,0.00,15.8
2026-09-09T13:00,31.9,51,0.00,15.7
2026-09-09T14:00,31.8,51,0.00,15.3
2026-09-09T15:00,31.6,51,0.00,14.5
2026-09-09T16:00,31.3,51,0.00,14.0
2026-09-09T17:00,31.0,52,0.00,13.3
2026-09-09T18:00,30.5,54,0.00,12.5
2026-09-09T19:00,29.8,56,0.00,11.5
2026-09-09T20:00,29.1,60,0.00,10.6
2026-09-09T21:00,28.3,63,0.00,9.8
2026-09-09T22:00,27.6,67,0.00,9.3
2026-09-09T23:00,27.1,69,0.00,9.0
2026-09-10T00:00,26.6,71,0.00,8.8
2026-09-10T01:00,26.0,72,0.00,8.8
2026-09-10T02:00,25.6,73,0.00,9.1
2026-09-10T03:00,25.3,73,0.00,9.3
2026-09-10T04:00,25.2,72,0.00,9.7
2026-09-10T05:00,25.4,71,0.00,10.1
2026-09-10T06:00,26.0,69,0.00,10.8
2026-09-10T07:00,27.1,66,0.00,11.7
2026-09-10T08:00,28.5,62,0.00,13.0
2026-09-10T09:00,29.8,59,0.00,14.0
2026-09-10T10:00,30.9,56,0.00,14.8
2026-09-10T11:00,31.7,54,0.00,15.2
2026-09-10T12:00,32.0,53,0.00,15.1
2026-09-10T13:00,32.1,52,0.00,14.7
2026-09-10T14:00,32.0,51,0.00,13.9
2026-09-10T15:00,31.7,51,0.00,13.1
2026-09-10T16:00,31.4,52,0.00,12.3
2026-09-10T17:00,31.0,53,0.00,11.4
2026-09-10T18:00,30.5,55,0.00,10.7
2026-09-10T19:00,29.8,58,0.00,9.9
2026-09-10T20:00,29.0,62,0.00,9.4
2026-09-10T21:00,28.2,66,0.00,8.9
2026-09-10T22:00,27.5,70,0.00,8.5
2026-09-10T23:00,26.9,73,0.00,8.3
2026-09-11T00:00,26.4,75,0.00,8.1
2026-09-11T01:00,25.9,76,0.00,7.9
2026-09-11T02:00,25.5,78,0.00,7.7
2026-09-11T03:00,25.2,78,0.00,7.6
2026-09-11T04:00,25.2,77,0.00,7.7
2026-09-11T05:00,25.4,76,0.00,8.0
2026-09-11T06:00,26.2,73,0.00,8.9
2026-09-11T07:00,27.4,69,0.00,10.2
2026-09-11T08:00,28.8,65,0.00,12.0
2026-09-11T09:00,30.2,61,0.00,13.8
2026-09-11T10:00,31.4,58,0.00,15.2
2026-09-11T11:00,32.2,56,0.00,16.0
2026-09-11T12:00,32.4,56,0.10,15.8
2026-09-11T13:00,32.4,56,0.10,15.0
2026-09-11T14:00,32.1,57,0.10,13.8
2026-09-11T15:00,31.7,58,0.10,12.2
2026-09-11T16:00,31.2,60,0.10,10.9
2026-09-11T17:00,30.7,61,0.10,9.8
2026-09-11T18:00,30.2,63,0.00,9.0
2026-09-11T19:00,29.7,65,0.00,8.2
2026-09-11T20:00,29.0,67,0.00,7.8
2026-09-11T21:00,28.4,69,0.00,7.9
2026-09-11T22:00,27.8,71,0.00,8.0
2026-09-11T23:00,27.3,72,0.00,8.1
2026-09-12T00:00,26.9,74,0.00,8.1
2026-09-12T01:00,26.5,75,0.00,8.1
2026-09-12T02:00,26.1,77,0.00,8.2
2026-09-12T03:00,25.8,77,0.00,8.2
2026-09-12T04:00,25.8,77,0.00,8.3
2026-09-12T05:00,26.0,77,0.00,8.6
2026-09-12T06:00,26.7,74,0.00,9.3
2026-09-12T07:00,27.8,70,0.00,10.2
2026-09-12T08:00,29.2,66,0.00,11.3
2026-09-12T09:00,30.5,62,0.00,12.4
2026-09-12T10:00,31.5,59,0.00,13.0
2026-09-12T11:00,32.0,59,0.00,13.1
2026-09-12T12:00,31.9,60,0.10,12.2
2026-09-12T13:00,31.3,63,0.10,10.8
2026-09-12T14:00,30.5,67,0.10,9.1
2026-09-12T15:00,29.5,71,0.10,7.5
2026-09-12T16:00,28.7,76,0.10,6.3
2026-09-12T17:00,28.0,80,0.10,5.4
2026-09-12T18:00,27.6,82,0.00,4.6
2026-09-12T19:00,27.3,85,0.00,3.4
2026-09-12T20:00,27.1,87,0.00,2.2
2026-09-12T21:00,26.9,88,0.00,1.8
2026-09-12T22:00,26.7,89,0.00,2.4
2026-09-12T23:00,26.5,90,0.00,3.2
2026-09-13T00:00,26.2,89,0.00,4.0
2026-09-13T01:00,25.9,88,0.00,4.7
2026-09-13T02:00,25.5,87,0.00,5.2
2026-09-13T03:00,25.3,85,0.00,6.0
2026-09-13T04:00,25.2,83,0.00,6.6
2026-09-13T05:00,25.5,80,0.00,7.2
2026-09-13T06:00,26.3,77,0.00,7.9
2026-09-13T07:00,27.5,72,0.00,9.0
2026-09-13T08:00,28.9,68,0.00,10.3
2026-09-13T09:00,30.3,64,0.00,11.4
2026-09-13T10:00,31.4,61,0.00,12.4
2026-09-13T11:00,32.1,59,0.00,12.9
2026-09-13T12:00,32.3,59,0.00,12.6
2026-09-13T13:00,32.2,59,0.00,11.7
2026-09-13T14:00,31.8,60,0.00,10.5
2026-09-13T15:00,31.3,62,0.00,9.0
2026-09-13T16:00,30.8,64,0.00,7.7
2026-09-13T17:00,30.3,66,0.00,6.4
2026-09-13T18:00,29.8,70,0.00,5.1
2026-09-13T19:00,29.1,74,0.00,3.3
2026-09-13T20:00,28.5,79,0.00,1.5
2026-09-13T21:00,27.8,84,0.00,0.3
2026-09-13T22:00,27.2,89,0.00,1.3
2026-09-13T23:00,26.7,92,0.00,1.9
2026-09-14T00:00,26.3,93,0.00,1.9
2026-09-14T01:00,25.8,92,0.00,1.9
2026-09-14T02:00,25.4,91,0.00,2.8
2026-09-14T03:00,25.1,89,0.00,4.1
2026-09-14T04:00,25.1,86,0.00,5.7
2026-09-14T05:00,25.4,82,0.00,7.3
2026-09-14T06:00,26.1,77,0.10,8.8
2026-09-14T07:00,27.4,71,0.10,10.6
2026-09-14T08:00,28.8,65,0.10,12.3
2026-09-14T09:00,30.3,59,0.10,13.7
2026-09-14T10:00,31.5,55,0.10,14.9
2026-09-14T11:00,32.3,53,0.10,15.3
2026-09-14T12:00,32.5,52,0.10,14.8
2026-09-14T13:00,32.5,53,0.10,13.7
2026-09-14T14:00,32.2,54,0.10,11.8
2026-09-14T15:00,31.8,56,0.10,10.0
2026-09-14T16:00,31.3,58,0.10,8.3
2026-09-14T17:00,30.8,61,0.10,6.8
2026-09-14T18:00,30.3,64,0.00,5.5
2026-09-14T19:00,29.6,69,0.00,3.9
2026-09-14T20:00,28.9,75,0.00,2.4
2026-09-14T21:00,28.2,80,0.00,1.1
2026-09-14T22:00,27.5,86,0.00,0.2
2026-09-14T23:00,27.0,89,0.00,0.4
2026-09-15T00:00,26.5,90,0.00,1.0
2026-09-15T01:00,25.9,90,0.00,2.0
2026-09-15T02:00,25.4,89,0.00,3.6
2026-09-15T03:00,25.1,87,0.00,5.4
2026-09-15T04:00,25.0,84,0.00,7.1
2026-09-15T05:00,25.2,80,0.00,8.6
2026-09-15T06:00,26.0,76,0.10,9.9
2026-09-15T07:00,27.3,70,0.10,11.3
2026-09-15T08:00,28.8,64,0.10,12.7
2026-09-15T09:00,30.3,59,0.10,13.7
2026-09-15T10:00,31.6,55,0.10,14.6
2026-09-15T11:00,32.4,53,0.10,14.8
2026-09-15T12:00,32.7,52,0.10,14.4
2026-09-15T13:00,32.6,53,0.10,13.3
2026-09-15T14:00,32.2,54,0.10,12.1
2026-09-15T15:00,29.6,66,0.08,10.7
2026-09-15T16:00,27.3,76,0.05,11.5
2026-09-15T17:00,25.3,85,0.03,13.7
2026-09-15T18:00,23.2,94,0.00,15.9
2026-09-15T19:00,23.1,93,0.00,16.3
2026-09-15T20:00,23.0,93,0.00,16.1
2026-09-15T21:00,23.2,92,0.00,15.9
2026-09-15T22:00,23.6,92,0.00,15.9
2026-09-15T23:00,23.7,91,0.00,15.6
2026-09-16T00:00,23.5,91,0.00,15.1
2026-09-16T01:00,23.2,91,0.00,14.6
2026-09-16T02:00,22.9,91,0.00,14.3
2026-09-16T03:00,22.7,91,0.00,14.7
2026-09-16T04:00,22.6,92,0.00,15.4
2026-09-16T05:00,22.8,91,0.00,16.2
2026-09-16T06:00,23.5,89,0.00,17.8
2026-09-16T07:00,24.4,86,0.00,19.6
2026-09-16T08:00,25.4,83,0.00,21.4
2026-09-16T09:00,26.5,79,0.00,22.7
2026-09-16T10:00,27.5,76,0.00,23.3
2026-09-16T11:00,28.3,73,0.00,24.1
2026-09-16T12:00,28.7,72,0.00,25.1
2026-09-16T13:00,28.8,72,0.00,26.3
2026-09-16T14:00,28.5,73,0.00,26.7
2026-09-16T15:00,27.9,75,0.00,26.0
2026-09-16T16:00,27.0,78,0.00,24.8
2026-09-16T17:00,26.1,80,0.00,23.6
2026-09-16T18:00,25.5,82,0.00,21.9
2026-09-16T19:00,24.9,84,0.00,19.8
2026-09-16T20:00,24.4,85,0.00,18.1
2026-09-16T21:00,24.1,86,0.00,16.3
2026-09-16T22:00,23.9,87,0.00,14.2
2026-09-16T23:00,23.7,88,0.00,13.2
